<?xml version="1.0" encoding="UTF-8"?>
<infoList vendor="NXP">&#x0A;<info chip="LPC55S69" name="LPC55S69">&#x0A;<chip>&#x0A;<name>LPC55S69</name>&#x0A;<family>LPC55xx</family>&#x0A;<vendor>NXP</vendor>&#x0A;<memory can_program="true" id="Flash" is_ro="true" size="608" type="Flash"/>&#x0A;<memory id="RAM" size="304" type="RAM"/>&#x0A;<memoryInstance derived_from="Flash" driver="LPC55xx.cfx" id="PROGRAM_FLASH" location="0x0" size="0x98000"/>&#x0A;<memoryInstance derived_from="RAM" id="SRAM" location="0x20000000" size="0x40000"/>&#x0A;<memoryInstance derived_from="RAM" id="SRAM4" location="0x20040000" size="0x4000"/>&#x0A;<memoryInstance derived_from="RAM" id="SRAMX" location="0x4000000" size="0x8000"/>&#x0A;<memoryInstance derived_from="RAM" id="USB_RAM" location="0x40100000" size="0x4000"/>&#x0A;</chip>&#x0A;<processor>&#x0A;<name gcc_name="cortex-m33">Cortex-M33</name>&#x0A;<family>Cortex-M</family>&#x0A;</processor>&#x0A;<processor>&#x0A;<name gcc_name="cortex-m33-nodsp">Cortex-M33 (No DSP)</name>&#x0A;<family>Cortex-M</family>&#x0A;</processor>&#x0A;</info>&#x0A;</infoList>
